"NoVille";"Ville";"NoRegion"
"1023";"Les Îles-de-la-Madeleine";"11"
"1042";"Grosse-Île";"11"
"2005";"Percé";"11"
"2010";"Sainte-Thérèse-de-Gaspé";"11"
"2015";"Grande-Rivière";"11"
"2028";"Chandler";"11"
"2047";"Port-Daniel--Gascons";"11"
"3005";"Gaspé";"11"
"3010";"Cloridorme";"11"
"3015";"Petite-Vallée";"11"
"3020";"Grande-Vallée";"11"
"3025";"Murdochville";"11"
"4005";"Sainte-Madeleine-de-la-Rivière-Madeleine";"11"
"4010";"Saint-Maxime-du-Mont-Louis";"11"
"4015";"Mont-Saint-Pierre";"11"
"4020";"Rivière-à-Claude";"11"
"4025";"Marsoui";"11"
"4030";"La Martre";"11"
"4037";"Sainte-Anne-des-Monts";"11"
"4047";"Cap-Chat";"11"
"4902";"Mont-Albert";"11"
"5010";"Shigawake";"11"
"5015";"Saint-Godefroi";"11"
"5020";"Hope Town";"11"
"5025";"Hope";"11"
"5032";"Paspébiac";"11"
"5040";"New Carlisle";"11"
"5045";"Bonaventure";"11"
"5050";"Saint-Elzéar";"11"
"5055";"Saint-Siméon";"11"
"5060";"Caplan";"11"
"5065";"Saint-Alphonse";"11"
"5070";"New Richmond";"11"
"5077";"Cascapédia--Saint-Jules";"11"
"5902";"Rivière-Bonaventure";"11"
"6005";"Maria";"11"
"6013";"Carleton-sur-Mer";"11"
"6020";"Nouvelle";"11"
"6025";"Escuminac";"11"
"6030";"Pointe-à-la-Croix";"11"
"6035";"Ristigouche-Partie-Sud-Est";"11"
"6040";"Saint-André-de-Restigouche";"11"
"6045";"Matapédia";"11"
"6050";"Saint-Alexis-de-Matapédia";"11"
"6055";"Saint-François-d'Assise";"11"
"6060";"L'Ascension-de-Patapédia";"11"
"6802";"Gesgapegiag";"11"
"6804";"Listuguj";"11"
"7005";"Sainte-Marguerite";"1"
"7010";"Sainte-Florence";"1"
"7018";"Causapscal";"1"
"7025";"Albertville";"1"
"7030";"Saint-Léon-le-Grand";"1"
"7035";"Saint-Zénon-du-Lac-Humqui";"1"
"7040";"Sainte-Irène";"1"
"7047";"Amqui";"1"
"7057";"Lac-au-Saumon";"1"
"7065";"Saint-Alexandre-des-Lacs";"1"
"7070";"Saint-Tharcisius";"1"
"7075";"Saint-Vianney";"1"
"7080";"Val-Brillant";"1"
"7085";"Sayabec";"1"
"7090";"Saint-Cléophas";"1"
"7095";"Saint-Moïse";"1"
"7100";"Saint-Noël";"1"
"7105";"Saint-Damase";"1"
"7902";"Routhierville";"1"
"7914";"Lac-Matapédia";"1"
"8005";"Les Méchins";"1"
"8010";"Saint-Jean-de-Cherbourg";"1"
"8015";"Grosses-Roches";"1"
"8023";"Sainte-Félicité";"1"
"8030";"Saint-Adelme";"1"
"8035";"Saint-René-de-Matane";"1"
"8040";"Sainte-Paule";"1"
"8053";"Matane";"1"
"8065";"Saint-Léandre";"1"
"8073";"Saint-Ulric";"1"
"8080";"Baie-des-Sables";"1"
"9005";"La Rédemption";"1"
"9010";"Saint-Charles-Garnier";"1"
"9015";"Les Hauteurs";"1"
"9020";"Sainte-Jeanne-d'Arc";"1"
"9025";"Saint-Gabriel-de-Rimouski";"1"
"9030";"Saint-Donat";"1"
"9035";"Sainte-Angèle-de-Mérici";"1"
"9040";"Padoue";"1"
"9048";"Métis-sur-Mer";"1"
"9055";"Saint-Octave-de-Métis";"1"
"9060";"Grand-Métis";"1"
"9065";"Price";"1"
"9070";"Saint-Joseph-de-Lepage";"1"
"9077";"Mont-Joli";"1"
"9085";"Sainte-Flavie";"1"
"9092";"Sainte-Luce";"1"
"10005";"Esprit-Saint";"1"
"10010";"La Trinité-des-Monts";"1"
"10015";"Saint-Narcisse-de-Rimouski";"1"
"10025";"Saint-Marcellin";"1"
"10030";"Saint-Anaclet-de-Lessard";"1"
"10043";"Rimouski";"1"
"10060";"Saint-Valérien";"1"
"10065";"Le Bic";"1"
"10070";"Saint-Fabien";"1"
"10075";"Saint-Eugène-de-Ladrière";"1"
"11005";"Saint-Clément";"1"
"11010";"Saint-Jean-de-Dieu";"1"
"11015";"Sainte-Rita";"1"
"11020";"Saint-Guy";"1"
"11025";"Saint-Médard";"1"
"11030";"Sainte-Françoise";"1"
"11035";"Saint-Éloi";"1"
"11040";"Trois-Pistoles";"1"
"11045";"Notre-Dame-des-Neiges";"1"
"11050";"Saint-Mathieu-de-Rioux";"1"
"11055";"Saint-Simon";"1"
"12005";"Saint-Cyprien";"1"
"12010";"Saint-Hubert-de-Rivière-du-Loup";"1"
"12015";"Saint-Antonin";"1"
"12020";"Saint-Modeste";"1"
"12025";"Saint-François-Xavier-de-Viger";"1"
"12030";"Saint-Épiphane";"1"
"12035";"Saint-Paul-de-la-Croix";"1"
"12043";"L'Isle-Verte";"1"
"12045";"Notre-Dame-des-Sept-Douleurs";"1"
"12055";"Saint-Georges-de-Cacouna";"1"
"12065";"Saint-Arsène";"1"
"12072";"Rivière-du-Loup";"1"
"12080";"Notre-Dame-du-Portage";"1"
"13005";"Dégelis";"1"
"13010";"Saint-Jean-de-la-Lande";"1"
"13015";"Packington";"1"
"13020";"Saint-Marc-du-Lac-Long";"1"
"13025";"Rivière-Bleue";"1"
"13030";"Saint-Eusèbe";"1"
"13035";"Notre-Dame-du-Lac";"1"
"13040";"Saint-Juste-du-Lac";"1"
"13045";"Auclair";"1"
"13050";"Lejeune";"1"
"13055";"Biencourt";"1"
"13060";"Lac-des-Aigles";"1"
"13065";"Saint-Michel-du-Squatec";"1"
"13070";"Cabano";"1"
"13075";"Saint-Pierre-de-Lamy";"1"
"13080";"Saint-Louis-du-Ha! Ha!";"1"
"13085";"Saint-Elzéar-de-Témiscouata";"1"
"13090";"Saint-Honoré-de-Témiscouata";"1"
"13095";"Pohénégamook";"1"
"13100";"Saint-Athanase";"1"
"14005";"Mont-Carmel";"1"
"14010";"Saint-Bruno-de-Kamouraska";"1"
"14018";"Saint-Pascal";"1"
"14025";"Sainte-Hélène";"1"
"14030";"Saint-Joseph-de-Kamouraska";"1"
"14035";"Saint-Alexandre-de-Kamouraska";"1"
"14040";"Saint-André";"1"
"14045";"Saint-Germain";"1"
"14050";"Kamouraska";"1"
"14055";"Saint-Denis";"1"
"14060";"Saint-Philippe-de-Néri";"1"
"14065";"Rivière-Ouelle";"1"
"14070";"Saint-Pacôme";"1"
"14075";"Saint-Gabriel-Lalemant";"1"
"14080";"Saint-Onésime-d'Ixworth";"1"
"14085";"La Pocatière";"1"
"14090";"Sainte-Anne-de-la-Pocatière";"1"
"14902";"Picard";"1"
"15005";"Saint-Irénée";"3"
"15013";"La Malbaie";"3"
"15025";"Notre-Dame-des-Monts";"3"
"15030";"Saint-Aimé-des-Lacs";"3"
"15035";"Clermont";"3"
"15058";"Saint-Siméon";"3"
"15065";"Baie-Sainte-Catherine";"3"
"15902";"Mont-Élie";"3"
"15904";"Sagard";"3"
"16005";"Petite-Rivière-Saint-François";"3"
"16013";"Baie-Saint-Paul";"3"
"16023";"L'Isle-aux-Coudres";"3"
"16048";"Les Éboulements";"3"
"16050";"Saint-Hilarion";"3"
"16055";"Saint-Urbain";"3"
"17005";"Saint-Omer";"12"
"17010";"Saint-Pamphile";"12"
"17015";"Saint-Adalbert";"12"
"17020";"Saint-Marcel";"12"
"17025";"Sainte-Félicité";"12"
"17030";"Sainte-Perpétue";"12"
"17035";"Tourville";"12"
"17040";"Saint-Damase-de-L'Islet";"12"
"17045";"Saint-Cyrille-de-Lessard";"12"
"17055";"Saint-Aubert";"12"
"17060";"Sainte-Louise";"12"
"17065";"Saint-Roch-des-Aulnaies";"12"
"17070";"Saint-Jean-Port-Joli";"12"
"17078";"L'Islet";"12"
"18005";"Saint-Just-de-Bretenières";"12"
"18010";"Lac-Frontière";"12"
"18015";"Saint-Fabien-de-Panet";"12"
"18020";"Sainte-Lucie-de-Beauregard";"12"
"18025";"Sainte-Apolline-de-Patton";"12"
"18030";"Saint-Paul-de-Montminy";"12"
"18035";"Sainte-Euphémie-sur-Rivière-du-Sud";"12"
"18040";"Notre-Dame-du-Rosaire";"12"
"18045";"Cap-Saint-Ignace";"12"
"18050";"Montmagny";"12"
"18055";"Saint-Pierre-de-la-Rivière-du-Sud";"12"
"18060";"Saint-François-de-la-Rivière-du-Sud";"12"
"18065";"Berthier-sur-Mer";"12"
"18070";"Saint-Antoine-de-l'Isle-aux-Grues";"12"
"19005";"Saint-Philémon";"12"
"19010";"Notre-Dame-Auxiliatrice-de-Buckland";"12"
"19015";"Saint-Nazaire-de-Dorchester";"12"
"19020";"Saint-Léon-de-Standon";"12"
"19025";"Saint-Malachie";"12"
"19030";"Saint-Damien-de-Buckland";"12"
"19037";"Armagh";"12"
"19045";"Saint-Nérée";"12"
"19050";"Saint-Lazare-de-Bellechasse";"12"
"19055";"Sainte-Claire";"12"
"19062";"Saint-Anselme";"12"
"19068";"Saint-Henri";"12"
"19070";"Honfleur";"12"
"19075";"Saint-Gervais";"12"
"19082";"Saint-Raphaël";"12"
"19090";"La Durantaye";"12"
"19097";"Saint-Charles-de-Bellechasse";"12"
"19105";"Beaumont";"12"
"19110";"Saint-Michel-de-Bellechasse";"12"
"19117";"Saint-Vallier";"12"
"20005";"Saint-François-de-l'Île-d'Orléans";"3"
"20010";"Sainte-Famille";"3"
"20015";"Saint-Jean-de-l'Île-d'Orléans";"3"
"20020";"Saint-Laurent-de-l'Île-d'Orléans";"3"
"20025";"Saint-Pierre-de-l'Île-d'Orléans";"3"
"20030";"Sainte-Pétronille";"3"
"21005";"Saint-Tite-des-Caps";"3"
"21010";"Saint-Ferréol-les-Neiges";"3"
"21020";"Saint-Joachim";"3"
"21025";"Beaupré";"3"
"21030";"Sainte-Anne-de-Beaupré";"3"
"21035";"Château-Richer";"3"
"21040";"L'Ange-Gardien";"3"
"21045";"Boischatel";"3"
"22005";"Sainte-Catherine-de-la-Jacques-Cartier";"3"
"22010";"Fossambault-sur-le-Lac";"3"
"22015";"Lac-Saint-Joseph";"3"
"22020";"Shannon";"3"
"22025";"Saint-Gabriel-de-Valcartier";"3"
"22030";"Lac-Delage";"3"
"22035";"Stoneham-et-Tewkesbury";"3"
"22040";"Lac-Beauport";"3"
"22045";"Sainte-Brigitte-de-Laval";"3"
"23015";"Notre-Dame-des-Anges";"3"
"23027";"Québec";"3"
"23057";"L'Ancienne-Lorette";"3"
"23072";"Saint-Augustin-de-Desmaures";"3"
"23802";"Wendake";"3"
"25213";"Lévis";"12"
"26005";"Frampton";"12"
"26010";"Saints-Anges";"12"
"26015";"Vallée-Jonction";"12"
"26022";"Saint-Elzéar";"12"
"26030";"Sainte-Marie";"12"
"26035";"Sainte-Marguerite";"12"
"26040";"Sainte-Hénédine";"12"
"26048";"Scott";"12"
"26055";"Saint-Bernard";"12"
"26063";"Saint-Isidore";"12"
"26070";"Saint-Lambert-de-Lauzon";"12"
"27008";"Saint-Victor";"12"
"27015";"Saint-Alfred";"12"
"27028";"Beauceville";"12"
"27035";"Saint-Odilon-de-Cranbourne";"12"
"27043";"Saint-Joseph-de-Beauce";"12"
"27050";"Saint-Joseph-des-Érables";"12"
"27055";"Saint-Jules";"12"
"27060";"Tring-Jonction";"12"
"27065";"Saint-Frédéric";"12"
"27070";"Saint-Séverin";"12"
"28005";"Saint-Zacharie";"12"
"28015";"Sainte-Aurélie";"12"
"28020";"Saint-Prosper";"12"
"28025";"Saint-Benjamin";"12"
"28030";"Sainte-Rose-de-Watford";"12"
"28035";"Saint-Louis-de-Gonzague";"12"
"28040";"Saint-Cyprien";"12"
"28045";"Sainte-Justine";"12"
"28053";"Lac-Etchemin";"12"
"28060";"Saint-Luc-de-Bellechasse";"12"
"28065";"Sainte-Sabine";"12"
"28070";"Saint-Camille-de-Lellis";"12"
"28075";"Saint-Magloire";"12"
"29005";"Saint-Théophile";"12"
"29013";"Saint-Gédéon-de-Beauce";"12"
"29020";"Saint-Hilaire-de-Dorset";"12"
"29025";"Saint-Évariste-de-Forsyth";"12"
"29030";"La Guadeloupe";"12"
"29038";"Saint-Honoré-de-Shenley";"12"
"29045";"Saint-Martin";"12"
"29050";"Saint-René";"12"
"29057";"Saint-Côme--Linière";"12"
"29065";"Saint-Philibert";"12"
"29073";"Saint-Georges";"12"
"29095";"Lac-Poulin";"12"
"29100";"Saint-Benoît-Labre";"12"
"29112";"Saint-Éphrem-de-Beauce";"12"
"29120";"Notre-Dame-des-Pins";"12"
"29125";"Saint-Simon-les-Mines";"12"
"30005";"Saint-Augustin-de-Woburn";"5"
"30010";"Notre-Dame-des-Bois";"5"
"30015";"Val-Racine";"5"
"30020";"Piopolis";"5"
"30025";"Frontenac";"5"
"30030";"Lac-Mégantic";"5"
"30035";"Marston";"5"
"30040";"Milan";"5"
"30045";"Nantes";"5"
"30050";"Sainte-Cécile-de-Whitton";"5"
"30055";"Audet";"5"
"30070";"Saint-Robert-Bellarmin";"5"
"30072";"Saint-Ludger";"5"
"30080";"Lac-Drolet";"5"
"30085";"Saint-Sébastien";"5"
"30090";"Courcelles";"5"
"30095";"Lambton";"5"
"30100";"Saint-Romain";"5"
"30105";"Stornoway";"5"
"30110";"Stratford";"5"
"31008";"Beaulac-Garthby";"12"
"31015";"Disraeli";"12"
"31020";"Disraeli";"12"
"31025";"Saint-Jacques-le-Majeur-de-Wolfestown";"12"
"31030";"Saint-Fortunat";"12"
"31035";"Saint-Julien";"12"
"31040";"Irlande";"12"
"31045";"Saint-Joseph-de-Coleraine";"12"
"31050";"Sainte-Praxède";"12"
"31056";"Adstock";"12"
"31060";"Sainte-Clotilde-de-Beauce";"12"
"31084";"Thetford Mines";"12"
"31095";"Saint-Adrien-d'Irlande";"12"
"31100";"Saint-Jean-de-Brébeuf";"12"
"31105";"Kinnear's Mills";"12"
"31122";"East Broughton";"12"
"31130";"Sacré-Coeur-de-Jésus";"12"
"31135";"Saint-Pierre-de-Broughton";"12"
"31140";"Saint-Jacques-de-Leeds";"12"
"32013";"Saint-Ferdinand";"17"
"32023";"Sainte-Sophie-d'Halifax";"17"
"32033";"Princeville";"17"
"32040";"Plessisville";"17"
"32045";"Plessisville";"17"
"32050";"Saint-Pierre-Baptiste";"17"
"32058";"Inverness";"17"
"32065";"Lyster";"17"
"32072";"Laurierville";"17"
"32080";"Notre-Dame-de-Lourdes";"17"
"32085";"Villeroy";"17"
"33007";"Saint-Sylvestre";"12"
"33017";"Sainte-Agathe-de-Lotbinière";"12"
"33025";"Saint-Patrice-de-Beaurivage";"12"
"33030";"Saint-Narcisse-de-Beaurivage";"12"
"33035";"Saint-Gilles";"12"
"33040";"Dosquet";"12"
"33045";"Saint-Agapit";"12"
"33052";"Saint-Flavien";"12"
"33060";"Laurier-Station";"12"
"33065";"Saint-Janvier-de-Joly";"12"
"33070";"Val-Alain";"12"
"33080";"Saint-Édouard-de-Lotbinière";"12"
"33085";"Notre-Dame-du-Sacré-Coeur-d'Issoudun";"12"
"33090";"Saint-Apollinaire";"12"
"33095";"Saint-Antoine-de-Tilly";"12"
"33102";"Sainte-Croix";"12"
"33115";"Lotbinière";"12"
"33123";"Leclercville";"12"
"34007";"Neuville";"3"
"34017";"Pont-Rouge";"3"
"34025";"Donnacona";"3"
"34030";"Cap-Santé";"3"
"34038";"Saint-Basile";"3"
"34048";"Portneuf";"3"
"34058";"Deschambault-Grondines";"3"
"34060";"Saint-Gilbert";"3"
"34065";"Saint-Marc-des-Carrières";"3"
"34078";"Saint-Casimir";"3"
"34085";"Saint-Thuribe";"3"
"34090";"Saint-Ubalde";"3"
"34097";"Saint-Alban";"3"
"34105";"Sainte-Christine-d'Auvergne";"3"
"34115";"Saint-Léonard-de-Portneuf";"3"
"34120";"Lac-Sergent";"3"
"34128";"Saint-Raymond";"3"
"34135";"Rivière-à-Pierre";"3"
"35005";"Notre-Dame-de-Montauban";"4"
"35010";"Lac-aux-Sables";"4"
"35015";"Saint-Adelphe";"4"
"35020";"Saint-Séverin";"4"
"35027";"Saint-Tite";"4"
"35035";"Hérouxville";"4"
"35040";"Grandes-Piles";"4"
"35045";"Saint-Roch-de-Mékinac";"4"
"35050";"Sainte-Thècle";"4"
"35055";"Trois-Rives";"4"
"35904";"Lac-Normand";"4"
"36033";"Shawinigan";"4"
"37067";"Trois-Rivières";"4"
"37205";"Sainte-Anne-de-la-Pérade";"4"
"37210";"Batiscan";"4"
"37215";"Sainte-Geneviève-de-Batiscan";"4"
"37220";"Champlain";"4"
"37225";"Saint-Luc-de-Vincennes";"4"
"37230";"Saint-Maurice";"4"
"37235";"Notre-Dame-du-Mont-Carmel";"4"
"37240";"Saint-Narcisse";"4"
"37245";"Saint-Stanislas";"4"
"37250";"Saint-Prosper";"4"
"38005";"Saint-Sylvère";"17"
"38010";"Bécancour";"17"
"38015";"Sainte-Marie-de-Blandford";"17"
"38020";"Lemieux";"17"
"38028";"Manseau";"17"
"38035";"Sainte-Françoise";"17"
"38040";"Sainte-Sophie-de-Lévrard";"17"
"38047";"Fortierville";"17"
"38055";"Parisville";"17"
"38060";"Sainte-Cécile-de-Lévrard";"17"
"38065";"Saint-Pierre-les-Becquets";"17"
"38070";"Deschaillons-sur-Saint-Laurent";"17"
"38802";"Wôlinak";"17"
"39005";"Saints-Martyrs-Canadiens";"17"
"39010";"Ham-Nord";"17"
"39015";"Notre-Dame-de-Ham";"17"
"39020";"Saint-Rémi-de-Tingwick";"17"
"39025";"Tingwick";"17"
"39030";"Chesterville";"17"
"39035";"Chester-Est";"17"
"39042";"Saint-Norbert-d'Arthabaska";"17"
"39045";"Norbertville";"17"
"39060";"Saint-Christophe-d'Arthabaska";"17"
"39062";"Victoriaville";"17"
"39077";"Warwick";"17"
"39085";"Saint-Albert";"17"
"39090";"Sainte-Élisabeth-de-Warwick";"17"
"39097";"Kingsey Falls";"17"
"39105";"Sainte-Séraphine";"17"
"39117";"Sainte-Clotilde-de-Horton";"17"
"39130";"Saint-Samuel";"17"
"39135";"Saint-Valère";"17"
"39145";"Saint-Rosaire";"17"
"39150";"Sainte-Anne-du-Sault";"17"
"39155";"Daveluyville";"17"
"39165";"Maddington";"17"
"39170";"Saint-Louis-de-Blandford";"17"
"40005";"Saint-Joseph-de-Ham-Sud";"5"
"40010";"Saint-Adrien";"5"
"40017";"Wotton";"5"
"40025";"Saint-Camille";"5"
"40032";"Saint-Georges-de-Windsor";"5"
"40043";"Asbestos";"5"
"40047";"Danville";"5"
"41012";"Saint-Isidore-de-Clifton";"5"
"41020";"Chartierville";"5"
"41027";"La Patrie";"5"
"41037";"Newport";"5"
"41038";"Cookshire-Eaton";"5"
"41055";"Ascot Corner";"5"
"41060";"East Angus";"5"
"41065";"Westbury";"5"
"41070";"Bury";"5"
"41075";"Hampden";"5"
"41080";"Scotstown";"5"
"41085";"Lingwick";"5"
"41098";"Weedon";"5"
"41117";"Dudswell";"5"
"42005";"Stoke";"5"
"42020";"Saint-François-Xavier-de-Brompton";"5"
"42025";"Saint-Denis-de-Brompton";"5"
"42032";"Racine";"5"
"42040";"Bonsecours";"5"
"42045";"Lawrenceville";"5"
"42050";"Sainte-Anne-de-la-Rochelle";"5"
"42055";"Valcourt";"5"
"42065";"Maricourt";"5"
"42070";"Kingsbury";"5"
"42075";"Melbourne";"5"
"42078";"Ulverton";"5"
"42088";"Windsor";"5"
"42095";"Val-Joli";"5"
"42098";"Richmond";"5"
"42100";"Saint-Claude";"5"
"42110";"Cleveland";"5"
"43027";"Sherbrooke";"5"
"44003";"Saint-Malo";"5"
"44005";"Saint-Venant-de-Paquette";"5"
"44010";"East Hereford";"5"
"44015";"Saint-Herménégilde";"5"
"44023";"Dixville";"5"
"44037";"Coaticook";"5"
"44045";"Barnston-Ouest";"5"
"44050";"Stanstead-Est";"5"
"44055";"Sainte-Edwidge-de-Clifton";"5"
"44060";"Martinville";"5"
"44071";"Compton";"5"
"44080";"Waterville";"5"
"45008";"Stanstead";"5"
"45020";"Ogden";"5"
"45025";"Stanstead";"5"
"45030";"Potton";"5"
"45035";"Ayer's Cliff";"5"
"45043";"Hatley";"5"
"45050";"North Hatley";"5"
"45055";"Hatley";"5"
"45060";"Sainte-Catherine-de-Hatley";"5"
"45072";"Magog";"5"
"45085";"Austin";"5"
"45093";"Eastman";"5"
"45095";"Bolton-Est";"5"
"45100";"Saint-Étienne-de-Bolton";"5"
"45105";"Stukely-Sud";"5"
"45115";"Orford";"5"
"46005";"Abercorn";"16"
"46010";"Frelighsburg";"16"
"46017";"Saint-Armand";"16"
"46025";"Saint-Pierre-de-Véronne-à-Pike-River";"16"
"46030";"Stanbridge Station";"16"
"46035";"Bedford";"16"
"46045";"Stanbridge East";"16"
"46050";"Dunham";"16"
"46058";"Sutton";"16"
"46065";"Bolton-Ouest";"16"
"46070";"Brome";"16"
"46075";"Lac-Brome";"16"
"46080";"Cowansville";"16"
"46085";"East Farnham";"16"
"46090";"Brigham";"16"
"46095";"Saint-Ignace-de-Stanbridge";"16"
"46100";"Notre-Dame-de-Stanbridge";"16"
"46105";"Sainte-Sabine";"16"
"46112";"Farnham";"16"
"47005";"Bromont";"16"
"47010";"Saint-Alphonse";"16"
"47015";"Granby";"16"
"47020";"Granby";"16"
"47025";"Waterloo";"16"
"47030";"Warden";"16"
"47035";"Shefford";"16"
"47040";"Saint-Joachim-de-Shefford";"16"
"47047";"Roxton Pond";"16"
"47055";"Sainte-Cécile-de-Milton";"16"
"48005";"Béthanie";"16"
"48010";"Roxton Falls";"16"
"48015";"Roxton";"16"
"48020";"Sainte-Christine";"16"
"48028";"Acton Vale";"16"
"48038";"Upton";"16"
"48045";"Saint-Théodore-d'Acton";"16"
"48050";"Saint-Nazaire-d'Acton";"16"
"49005";"Saint-Félix-de-Kingsey";"17"
"49015";"Durham-Sud";"17"
"49020";"Lefebvre";"17"
"49025";"L'Avenir";"17"
"49030";"Saint-Lucien";"17"
"49040";"Wickham";"17"
"49048";"Saint-Germain-de-Grantham";"17"
"49058";"Drummondville";"17"
"49070";"Saint-Cyrille-de-Wendover";"17"
"49075";"Notre-Dame-du-Bon-Conseil";"17"
"49085";"Sainte-Brigitte-des-Saults";"17"
"49095";"Saint-Majorique-de-Grantham";"17"
"49100";"Saint-Edmond-de-Grantham";"17"
"49105";"Saint-Eugène";"17"
"49113";"Saint-Guillaume";"17"
"49125";"Saint-Bonaventure";"17"
"49130";"Saint-Pie-de-Guire";"17"
"50005";"Sainte-Eulalie";"17"
"50013";"Aston-Jonction";"17"
"50023";"Saint-Wenceslas";"17"
"50030";"Saint-Célestin";"17"
"50042";"Saint-Léonard-d'Aston";"17"
"50050";"Sainte-Perpétue";"17"
"50057";"Sainte-Monique";"17"
"50065";"Grand-Saint-Esprit";"17"
"50072";"Nicolet";"17"
"50085";"La Visitation-de-Yamaska";"17"
"50090";"Saint-Zéphirin-de-Courval";"17"
"50095";"Saint-Elphège";"17"
"50100";"Baie-du-Febvre";"17"
"50113";"Pierreville";"17"
"50128";"Saint-François-du-Lac";"17"
"50802";"Odanak";"17"
"51008";"Maskinongé";"4"
"51015";"Louiseville";"4"
"51020";"Yamachiche";"4"
"51025";"Saint-Barnabé";"4"
"51030";"Saint-Sévère";"4"
"51035";"Saint-Léon-le-Grand";"4"
"51040";"Sainte-Ursule";"4"
"51045";"Saint-Justin";"4"
"51050";"Saint-Édouard-de-Maskinongé";"4"
"51055";"Sainte-Angèle-de-Prémont";"4"
"51060";"Saint-Paulin";"4"
"51065";"Saint-Alexis-des-Monts";"4"
"51070";"Saint-Mathieu-du-Parc";"4"
"51075";"Saint-Élie-de-Caxton";"4"
"51080";"Charette";"4"
"51085";"Saint-Boniface";"4"
"51090";"Saint-Étienne-des-Grès";"4"
"52007";"Lavaltrie";"14"
"52017";"Lanoraie";"14"
"52030";"Sainte-Élisabeth";"14"
"52035";"Berthierville";"14"
"52040";"Sainte-Geneviève-de-Berthier";"14"
"52045";"Saint-Ignace-de-Loyola";"14"
"52050";"La Visitation-de-l'Île-Dupas";"14"
"52055";"Saint-Barthélemy";"14"
"52062";"Saint-Cuthbert";"14"
"52070";"Saint-Norbert";"14"
"52075";"Saint-Cléophas-de-Brandon";"14"
"52080";"Saint-Gabriel";"14"
"52085";"Saint-Gabriel-de-Brandon";"14"
"52090";"Saint-Didace";"14"
"52095";"Mandeville";"14"
"53005";"Saint-David";"16"
"53010";"Massueville";"16"
"53015";"Saint-Aimé";"16"
"53020";"Saint-Robert";"16"
"53025";"Sainte-Victoire-de-Sorel";"16"
"53032";"Saint-Ours";"16"
"53040";"Saint-Roch-de-Richelieu";"16"
"53050";"Saint-Joseph-de-Sorel";"16"
"53052";"Sorel-Tracy";"16"
"53065";"Sainte-Anne-de-Sorel";"16"
"53072";"Yamaska";"16"
"53085";"Saint-Gérard-Majella";"16"
"54008";"Saint-Pie";"16"
"54017";"Saint-Damase";"16"
"54025";"Sainte-Madeleine";"16"
"54030";"Sainte-Marie-Madeleine";"16"
"54035";"La Présentation";"16"
"54048";"Saint-Hyacinthe";"16"
"54060";"Saint-Dominique";"16"
"54065";"Saint-Valérien-de-Milton";"16"
"54072";"Saint-Liboire";"16"
"54090";"Saint-Simon";"16"
"54095";"Sainte-Hélène-de-Bagot";"16"
"54100";"Saint-Hugues";"16"
"54105";"Saint-Barnabé-Sud";"16"
"54110";"Saint-Jude";"16"
"54115";"Saint-Bernard-de-Michaudville";"16"
"54120";"Saint-Louis";"16"
"54125";"Saint-Marcel-de-Richelieu";"16"
"55008";"Ange-Gardien";"16"
"55015";"Saint-Paul-d'Abbotsford";"16"
"55023";"Saint-Césaire";"16"
"55030";"Sainte-Angèle-de-Monnoir";"16"
"55037";"Rougemont";"16"
"55048";"Marieville";"16"
"55057";"Richelieu";"16"
"55065";"Saint-Mathias-sur-Richelieu";"16"
"56005";"Venise-en-Québec";"16"
"56010";"Saint-Georges-de-Clarenceville";"16"
"56015";"Noyan";"16"
"56023";"Lacolle";"16"
"56030";"Saint-Valentin";"16"
"56035";"Saint-Paul-de-l'Île-aux-Noix";"16"
"56042";"Henryville";"16"
"56050";"Saint-Sébastien";"16"
"56055";"Saint-Alexandre";"16"
"56060";"Sainte-Anne-de-Sabrevois";"16"
"56065";"Saint-Blaise-sur-Richelieu";"16"
"56083";"Saint-Jean-sur-Richelieu";"16"
"56097";"Mont-Saint-Grégoire";"16"
"56105";"Sainte-Brigide-d'Iberville";"16"
"57005";"Chambly";"16"
"57010";"Carignan";"16"
"57020";"Saint-Basile-le-Grand";"16"
"57025";"McMasterville";"16"
"57030";"Otterburn Park";"16"
"57033";"Saint-Jean-Baptiste";"16"
"57035";"Mont-Saint-Hilaire";"16"
"57040";"Beloeil";"16"
"57045";"Saint-Mathieu-de-Beloeil";"16"
"57050";"Saint-Marc-sur-Richelieu";"16"
"57057";"Saint-Charles-sur-Richelieu";"16"
"57068";"Saint-Denis-sur-Richelieu";"16"
"57075";"Saint-Antoine-sur-Richelieu";"16"
"58007";"Brossard";"16"
"58012";"Saint-Lambert";"16"
"58033";"Boucherville";"16"
"58037";"Saint-Bruno-de-Montarville";"16"
"58227";"Longueuil";"16"
"59010";"Sainte-Julie";"16"
"59015";"Saint-Amable";"16"
"59020";"Varennes";"16"
"59025";"Verchères";"16"
"59030";"Calixa-Lavallée";"16"
"59035";"Contrecoeur";"16"
"60005";"Charlemagne";"14"
"60013";"Repentigny";"14"
"60020";"Saint-Sulpice";"14"
"60028";"L'Assomption";"14"
"60035";"L'Épiphanie";"14"
"60040";"L'Épiphanie";"14"
"61005";"Saint-Paul";"14"
"61013";"Crabtree";"14"
"61020";"Saint-Pierre";"14"
"61025";"Joliette";"14"
"61027";"Saint-Thomas";"14"
"61030";"Notre-Dame-des-Prairies";"14"
"61035";"Saint-Charles-Borromée";"14"
"61040";"Saint-Ambroise-de-Kildare";"14"
"61045";"Notre-Dame-de-Lourdes";"14"
"61050";"Sainte-Mélanie";"14"
"62007";"Saint-Félix-de-Valois";"14"
"62015";"Saint-Jean-de-Matha";"14"
"62020";"Sainte-Béatrix";"14"
"62025";"Saint-Alphonse-Rodriguez";"14"
"62030";"Sainte-Marcelline-de-Kildare";"14"
"62037";"Rawdon";"14"
"62047";"Chertsey";"14"
"62053";"Entrelacs";"14"
"62055";"Notre-Dame-de-la-Merci";"14"
"62060";"Saint-Donat";"14"
"62065";"Saint-Côme";"14"
"62070";"Sainte-Émélie-de-l'Énergie";"14"
"62075";"Saint-Damien";"14"
"62080";"Saint-Zénon";"14"
"62085";"Saint-Michel-des-Saints";"14"
"62802";"Manawan";"14"
"62906";"Baie-de-la-Bouteille";"14"
"62908";"Lac-Matawin";"14"
"62912";"Saint-Guillaume-Nord";"14"
"63005";"Sainte-Marie-Salomé";"14"
"63013";"Saint-Jacques";"14"
"63020";"Saint-Alexis";"14"
"63030";"Saint-Esprit";"14"
"63035";"Saint-Roch-de-l'Achigan";"14"
"63040";"Saint-Roch-Ouest";"14"
"63048";"Saint-Lin--Laurentides";"14"
"63055";"Saint-Calixte";"14"
"63060";"Sainte-Julienne";"14"
"63065";"Saint-Liguori";"14"
"64008";"Terrebonne";"14"
"64015";"Mascouche";"14"
"65005";"Laval";"13"
"66007";"Montréal-Est";"6"
"66023";"Montréal";"6"
"66032";"Westmount";"6"
"66047";"Montréal-Ouest";"6"
"66058";"Côte-Saint-Luc";"6"
"66062";"Hampstead";"6"
"66072";"Mont-Royal";"6"
"66087";"Dorval";"6"
"66092";"L'Île-Dorval";"6"
"66097";"Pointe-Claire";"6"
"66102";"Kirkland";"6"
"66107";"Beaconsfield";"6"
"66112";"Baie-d'Urfé";"6"
"66117";"Sainte-Anne-de-Bellevue";"6"
"66127";"Senneville";"6"
"66142";"Dollard-des-Ormeaux";"6"
"67005";"Saint-Mathieu";"16"
"67010";"Saint-Philippe";"16"
"67015";"La Prairie";"16"
"67020";"Candiac";"16"
"67025";"Delson";"16"
"67030";"Sainte-Catherine";"16"
"67035";"Saint-Constant";"16"
"67040";"Saint-Isidore";"16"
"67045";"Mercier";"16"
"67050";"Châteauguay";"16"
"67055";"Léry";"16"
"67802";"Kahnawake";"16"
"68005";"Saint-Bernard-de-Lacolle";"16"
"68010";"Hemmingford";"16"
"68020";"Sainte-Clotilde-de-Châteauguay";"16"
"68025";"Saint-Patrice-de-Sherrington";"16"
"68030";"Napierville";"16"
"68035";"Saint-Cyprien-de-Napierville";"16"
"68040";"Saint-Jacques-le-Mineur";"16"
"68045";"Saint-Édouard";"16"
"68050";"Saint-Michel";"16"
"68055";"Saint-Rémi";"16"
"69005";"Havelock";"16"
"69010";"Franklin";"16"
"69017";"Saint-Chrysostome";"16"
"69025";"Howick";"16"
"69030";"Très-Saint-Sacrement";"16"
"69037";"Ormstown";"16"
"69045";"Hinchinbrooke";"16"
"69050";"Elgin";"16"
"69055";"Huntingdon";"16"
"69060";"Godmanchester";"16"
"69065";"Sainte-Barbe";"16"
"69070";"Saint-Anicet";"16"
"69075";"Dundee";"16"
"69802";"Akwesasne";"16"
"70005";"Saint-Urbain-Premier";"16"
"70012";"Sainte-Martine";"16"
"70022";"Beauharnois";"16"
"70030";"Saint-Étienne-de-Beauharnois";"16"
"70035";"Saint-Louis-de-Gonzague";"16"
"70040";"Saint-Stanislas-de-Kostka";"16"
"70052";"Salaberry-de-Valleyfield";"16"
"71005";"Rivière-Beaudette";"16"
"71015";"Saint-Télesphore";"16"
"71020";"Saint-Polycarpe";"16"
"71025";"Saint-Zotique";"16"
"71033";"Les Coteaux";"16"
"71040";"Coteau-du-Lac";"16"
"71045";"Saint-Clet";"16"
"71050";"Les Cèdres";"16"
"71055";"Pointe-des-Cascades";"16"
"71060";"L'Île-Perrot";"16"
"71065";"Notre-Dame-de-l'Île-Perrot";"16"
"71070";"Pincourt";"16"
"71075";"Terrasse-Vaudreuil";"16"
"71083";"Vaudreuil-Dorion";"16"
"71090";"Vaudreuil-sur-le-Lac";"16"
"71095";"L'Île-Cadieux";"16"
"71100";"Hudson";"16"
"71105";"Saint-Lazare";"16"
"71110";"Sainte-Marthe";"16"
"71115";"Sainte-Justine-de-Newton";"16"
"71125";"Très-Saint-Rédempteur";"16"
"71133";"Rigaud";"16"
"71140";"Pointe-Fortune";"16"
"72005";"Saint-Eustache";"15"
"72010";"Deux-Montagnes";"15"
"72015";"Sainte-Marthe-sur-le-Lac";"15"
"72020";"Pointe-Calumet";"15"
"72025";"Saint-Joseph-du-Lac";"15"
"72032";"Oka";"15"
"72043";"Saint-Placide";"15"
"73005";"Boisbriand";"15"
"73010";"Sainte-Thérèse";"15"
"73015";"Blainville";"15"
"73020";"Rosemère";"15"
"73025";"Lorraine";"15"
"73030";"Bois-des-Filion";"15"
"73035";"Sainte-Anne-des-Plaines";"15"
"74005";"Mirabel";"15"
"75005";"Saint-Colomban";"15"
"75017";"Saint-Jérôme";"15"
"75028";"Sainte-Sophie";"15"
"75040";"Prévost";"15"
"75045";"Saint-Hippolyte";"15"
"76008";"Saint-André-d'Argenteuil";"15"
"76020";"Lachute";"15"
"76025";"Gore";"15"
"76030";"Mille-Isles";"15"
"76035";"Wentworth";"15"
"76043";"Brownsburg-Chatham";"15"
"76052";"Grenville-sur-la-Rouge";"15"
"76055";"Grenville";"15"
"76065";"Harrington";"15"
"77011";"Estérel";"15"
"77012";"Sainte-Marguerite--Estérel";"15"
"77022";"Sainte-Adèle";"15"
"77030";"Piedmont";"15"
"77035";"Sainte-Anne-des-Lacs";"15"
"77043";"Saint-Sauveur";"15"
"77050";"Morin-Heights";"15"
"77055";"Lac-des-Seize-Îles";"15"
"77060";"Wentworth-Nord";"15"
"77065";"Saint-Adolphe-d'Howard";"15"
"78005";"Val-Morin";"15"
"78010";"Val-David";"15"
"78015";"Lantier";"15"
"78020";"Sainte-Lucie-des-Laurentides";"15"
"78032";"Sainte-Agathe-des-Monts";"15"
"78042";"Ivry-sur-le-Lac";"15"
"78047";"Saint-Faustin--Lac-Carré";"15"
"78050";"Barkmere";"15"
"78055";"Montcalm";"15"
"78060";"Arundel";"15"
"78065";"Huberdeau";"15"
"78070";"Amherst";"15"
"78075";"Brébeuf";"15"
"78095";"Lac-Supérieur";"15"
"78100";"Val-des-Lacs";"15"
"78102";"Mont-Tremblant";"15"
"78115";"La Conception";"15"
"78120";"Labelle";"15"
"78127";"Lac-Tremblant-Nord";"15"
"78130";"La Minerve";"15"
"79005";"Notre-Dame-du-Laus";"15"
"79010";"Notre-Dame-de-Pontmain";"15"
"79015";"Lac-du-Cerf";"15"
"79022";"Saint-Aimé-du-Lac-des-Îles";"15"
"79025";"Kiamika";"15"
"79030";"Nominingue";"15"
"79037";"Rivière-Rouge";"15"
"79047";"La Macaza";"15"
"79050";"L'Ascension";"15"
"79060";"Lac-Saguay";"15"
"79065";"Chute-Saint-Philippe";"15"
"79078";"Lac-des-Écorces";"15"
"79088";"Mont-Laurier";"15"
"79097";"Ferme-Neuve";"15"
"79105";"Lac-Saint-Paul";"15"
"79110";"Mont-Saint-Michel";"15"
"79115";"Sainte-Anne-du-Lac";"15"
"80005";"Fassett";"7"
"80010";"Montebello";"7"
"80015";"Notre-Dame-de-Bonsecours";"7"
"80020";"Notre-Dame-de-la-Paix";"7"
"80027";"Saint-André-Avellin";"7"
"80037";"Papineauville";"7"
"80045";"Plaisance";"7"
"80050";"Thurso";"7"
"80055";"Lochaber";"7"
"80060";"Lochaber-Partie-Ouest";"7"
"80065";"Mayo";"7"
"80070";"Saint-Sixte";"7"
"80078";"Ripon";"7"
"80085";"Mulgrave-et-Derry";"7"
"80090";"Montpellier";"7"
"80095";"Lac-Simon";"7"
"80103";"Chénéville";"7"
"80110";"Namur";"7"
"80115";"Boileau";"7"
"80125";"Saint-Émile-de-Suffolk";"7"
"80130";"Lac-des-Plages";"7"
"80135";"Duhamel";"7"
"80140";"Val-des-Bois";"7"
"80145";"Bowman";"7"
"81017";"Gatineau";"7"
"82005";"L'Ange-Gardien";"7"
"82010";"Notre-Dame-de-la-Salette";"7"
"82015";"Val-des-Monts";"7"
"82020";"Cantley";"7"
"82025";"Chelsea";"7"
"82030";"Pontiac";"7"
"82035";"La Pêche";"7"
"83005";"Denholm";"7"
"83010";"Low";"7"
"83015";"Kazabazua";"7"
"83020";"Lac-Sainte-Marie";"7"
"83032";"Gracefield";"7"
"83040";"Cayamant";"7"
"83045";"Blue Sea";"7"
"83050";"Bouchette";"7"
"83055";"Sainte-Thérèse-de-la-Gatineau";"7"
"83060";"Messines";"7"
"83065";"Maniwaki";"7"
"83070";"Déléage";"7"
"83075";"Egan-Sud";"7"
"83085";"Bois-Franc";"7"
"83088";"Montcerf-Lytton";"7"
"83090";"Aumond";"7"
"83095";"Grand-Remous";"7"
"83802";"Kitigan Zibi";"7"
"83804";"Lac-Rapide";"7"
"84005";"Bristol";"7"
"84010";"Shawville";"7"
"84015";"Clarendon";"7"
"84020";"Portage-du-Fort";"7"
"84025";"Bryson";"7"
"84030";"Campbell's Bay";"7"
"84035";"Grand-Calumet";"7"
"84040";"Litchfield";"7"
"84045";"Thorne";"7"
"84050";"Alleyn-et-Cawood";"7"
"84055";"Otter Lake";"7"
"84060";"Fort-Coulonge";"7"
"84065";"Mansfield-et-Pontefract";"7"
"84070";"Waltham";"7"
"84082";"L'Isle-aux-Allumettes";"7"
"84090";"Chichester";"7"
"84095";"Sheenboro";"7"
"84100";"Rapides-des-Joachims";"7"
"85005";"Témiscaming";"8"
"85010";"Kipawa";"8"
"85015";"Saint-Édouard-de-Fabre";"8"
"85020";"Béarn";"8"
"85025";"Ville-Marie";"8"
"85030";"Duhamel-Ouest";"8"
"85037";"Lorrainville";"8"
"85045";"Saint-Bruno-de-Guigues";"8"
"85050";"Laverlochère";"8"
"85055";"Fugèreville";"8"
"85060";"Latulipe-et-Gaboury";"8"
"85065";"Belleterre";"8"
"85070";"Laforce";"8"
"85075";"Moffet";"8"
"85080";"Angliers";"8"
"85085";"Saint-Eugène-de-Guigues";"8"
"85090";"Notre-Dame-du-Nord";"8"
"85095";"Guérin";"8"
"85100";"Nédélec";"8"
"85105";"Rémigny";"8"
"85802";"Kebaowek";"8"
"85803";"Hunter's Point";"8"
"85804";"Winneway";"8"
"85806";"Timiskaming";"8"
"85905";"Laniel";"8"
"86042";"Rouyn-Noranda";"8"
"87005";"Duparquet";"8"
"87010";"Rapide-Danseur";"8"
"87015";"Roquemaure";"8"
"87020";"Gallichan";"8"
"87025";"Palmarolle";"8"
"87030";"Sainte-Germaine-Boulé";"8"
"87035";"Poularies";"8"
"87042";"Taschereau";"8"
"87050";"Authier";"8"
"87058";"Macamic";"8"
"87070";"Sainte-Hélène-de-Mancebourg";"8"
"87075";"Clerval";"8"
"87080";"La Reine";"8"
"87085";"Dupuy";"8"
"87090";"La Sarre";"8"
"87095";"Chazel";"8"
"87100";"Authier-Nord";"8"
"87105";"Val-Saint-Gilles";"8"
"87110";"Clermont";"8"
"87115";"Normétal";"8"
"87120";"Saint-Lambert";"8"
"87904";"Rivière-Ojima";"8"
"88005";"Champneuf";"8"
"88010";"Rochebaucourt";"8"
"88015";"La Morandière";"8"
"88022";"Barraute";"8"
"88030";"La Corne";"8"
"88035";"Landrienne";"8"
"88040";"Saint-Marc-de-Figuery";"8"
"88045";"La Motte";"8"
"88050";"Saint-Mathieu-d'Harricana";"8"
"88055";"Amos";"8"
"88060";"Saint-Félix-de-Dalquier";"8"
"88065";"Saint-Dominique-du-Rosaire";"8"
"88070";"Berry";"8"
"88075";"Trécesson";"8"
"88080";"Launay";"8"
"88085";"Sainte-Gertrude-Manneville";"8"
"88090";"Preissac";"8"
"88802";"Pikogan";"8"
"88902";"Lac-Despinassy";"8"
"88904";"Lac-Chicobi";"8"
"89008";"Val-d'Or";"8"
"89010";"Rivière-Héva";"8"
"89015";"Malartic";"8"
"89040";"Senneterre";"8"
"89804";"Lac-Simon";"8"
"89912";"Lac-Granet";"8"
"89914";"Lac-Fouillac";"8"
"90012";"La Tuque";"4"
"90017";"La Bostonnais";"4"
"90802";"Wemotaci";"4"
"90804";"Obedjiwan";"4"
"91005";"Lac-Bouchette";"2"
"91010";"Saint-André-du-Lac-Saint-Jean";"2"
"91015";"Saint-François-de-Sales";"2"
"91020";"Chambord";"2"
"91025";"Roberval";"2"
"91030";"Sainte-Hedwidge";"2"
"91035";"Saint-Prime";"2"
"91042";"Saint-Félicien";"2"
"91050";"La Doré";"2"
"91802";"Mashteuiatsh";"2"
"91902";"Lac-Ashuapmushuan";"2"
"92005";"Saint-Augustin";"2"
"92010";"Péribonka";"2"
"92015";"Sainte-Jeanne-d'Arc";"2"
"92022";"Dolbeau-Mistassini";"2"
"92030";"Albanel";"2"
"92040";"Normandin";"2"
"92045";"Saint-Thomas-Didyme";"2"
"92050";"Saint-Edmond-les-Plaines";"2"
"92055";"Girardville";"2"
"92060";"Notre-Dame-de-Lorette";"2"
"92065";"Saint-Eugène-d'Argentenay";"2"
"92070";"Saint-Stanislas";"2"
"92902";"Chute-des-Passes";"2"
"93005";"Desbiens";"2"
"93012";"Métabetchouan--Lac-à-la-Croix";"2"
"93020";"Hébertville";"2"
"93025";"Hébertville-Station";"2"
"93030";"Saint-Bruno";"2"
"93035";"Saint-Gédéon";"2"
"93042";"Alma";"2"
"93045";"Saint-Nazaire";"2"
"93055";"Labrecque";"2"
"93060";"Lamarche";"2"
"93065";"L'Ascension-de-Notre-Seigneur";"2"
"93070";"Saint-Henri-de-Taillon";"2"
"93075";"Sainte-Monique";"2"
"93080";"Saint-Ludger-de-Milot";"2"
"94068";"Saguenay";"2"
"94205";"Petit-Saguenay";"2"
"94210";"L'Anse-Saint-Jean";"2"
"94215";"Rivière-Éternité";"2"
"94220";"Ferland-et-Boilleau";"2"
"94225";"Saint-Félix-d'Otis";"2"
"94230";"Sainte-Rose-du-Nord";"2"
"94235";"Saint-Fulgence";"2"
"94240";"Saint-Honoré";"2"
"94245";"Saint-David-de-Falardeau";"2"
"94250";"Bégin";"2"
"94255";"Saint-Ambroise";"2"
"94260";"Saint-Charles-de-Bourget";"2"
"94265";"Larouche";"2"
"94928";"Lac-Ministuk";"2"
"95005";"Tadoussac";"9"
"95010";"Sacré-Coeur";"9"
"95018";"Les Bergeronnes";"9"
"95025";"Les Escoumins";"9"
"95032";"Longue-Rive";"9"
"95040";"Portneuf-sur-Mer";"9"
"95045";"Forestville";"9"
"95050";"Colombier";"9"
"95802";"Essipit";"9"
"96005";"Baie-Trinité";"9"
"96010";"Godbout";"9"
"96015";"Franquelin";"9"
"96020";"Baie-Comeau";"9"
"96025";"Pointe-Lebel";"9"
"96030";"Pointe-aux-Outardes";"9"
"96035";"Chute-aux-Outardes";"9"
"96040";"Ragueneau";"9"
"96802";"Betsiamites";"9"
"96902";"Rivière-aux-Outardes";"9"
"97007";"Sept-Îles";"9"
"97022";"Port-Cartier";"9"
"97035";"Fermont";"9"
"97040";"Schefferville";"9"
"97802";"Uashat";"9"
"97804";"Maliotenam";"9"
"97806";"Kawawachikamach";"9"
"97808";"Matimekosh";"9"
"97810";"Lac-John";"9"
"97904";"Lac-Walker";"9"
"98005";"Blanc-Sablon";"9"
"98010";"Bonne-Espérance";"9"
"98012";"Saint-Augustin";"9"
"98014";"Gros-Mécatina";"9"
"98015";"Côte-Nord-du-Golfe-du-Saint-Laurent";"9"
"98020";"L'Île-d'Anticosti";"9"
"98025";"Natashquan";"9"
"98030";"Aguanish";"9"
"98035";"Baie-Johan-Beetz";"9"
"98040";"Havre-Saint-Pierre";"9"
"98045";"Longue-Pointe-de-Mingan";"9"
"98050";"Rivière-Saint-Jean";"9"
"98055";"Rivière-au-Tonnerre";"9"
"98802";"Pakuashipi";"9"
"98804";"La Romaine";"9"
"98808";"Mingan";"9"
"99005";"Lebel-sur-Quévillon";"10"
"99015";"Matagami";"10"
"99020";"Chapais";"10"
"99025";"Chibougamau";"10"
"99060";"Baie-James";"10"
"99075";"Kuujjuarapik";"10"
"99080";"Umiujaq";"10"
"99085";"Inukjuak";"10"
"99090";"Kangiqsualujjuaq";"10"
"99095";"Kuujjuaq";"10"
"99100";"Tasiujaq";"10"
"99105";"Aupaluk";"10"
"99110";"Kangirsuk";"10"
"99115";"Quaqtaq";"10"
"99120";"Puvirnituq";"10"
"99125";"Akulivik";"10"
"99130";"Kangiqsujuaq";"10"
"99135";"Salluit";"10"
"99140";"Ivujivik";"10"
"99802";"Waswanipi";"10"
"99804";"Mistissini";"10"
"99806";"Waskaganish";"10"
"99808";"Nemiscau";"10"
"99810";"Eastmain";"10"
"99812";"Wemindji";"10"
"99814";"Chisasibi";"10"
"99816";"Whapmagoostui";"10"
"99818";"Oujé-Bougoumou";"10"
"99902";"Rivière-Koksoak";"10"
"99903";"Saint-Nicéphore";"17"
"99904";"Courcelette";"3"
"99906";"Whitehorse";"101"
